episode,score,steps,total_steps,epsilon,mean_loss,updates,elapsed_seconds,terminated,truncated
1,330.0,487,487,0.99563,nan,0,14.32,True,False
2,190.0,394,881,0.99208,nan,0,14.61,True,False
3,180.0,488,1369,0.98769,nan,0,14.97,True,False
4,290.0,502,1871,0.98317,nan,0,15.33,True,False
5,160.0,351,2222,0.98001,nan,0,15.61,True,False
6,200.0,446,2668,0.976,nan,0,15.96,True,False
7,580.0,646,3314,0.97018,nan,0,16.45,True,False
8,150.0,433,3747,0.96629,nan,0,16.79,True,False
9,180.0,431,4178,0.96241,nan,0,17.17,True,False
10,210.0,584,4762,0.95715,nan,0,17.64,True,False
11,160.0,485,5247,0.95279,nan,0,18.01,True,False
12,210.0,521,5768,0.9481,nan,0,18.41,True,False
13,210.0,446,6214,0.94408,nan,0,18.78,True,False
14,180.0,472,6686,0.93983,nan,0,19.17,True,False
15,180.0,468,7154,0.93562,nan,0,19.53,True,False
16,220.0,489,7643,0.93122,nan,0,19.95,True,False
17,290.0,566,8209,0.92613,nan,0,20.38,True,False
18,220.0,502,8711,0.92161,nan,0,20.79,True,False
19,450.0,649,9360,0.91577,nan,0,21.3,True,False
20,210.0,451,9811,0.91171,nan,0,21.68,True,False
21,180.0,415,10226,0.90797,0.023657078491707676,57,23.15,True,False
22,430.0,607,10833,0.90251,0.022370283893044535,209,26.73,True,False
23,220.0,463,11296,0.89834,0.025031706478330307,325,29.44,True,False
24,220.0,516,11812,0.8937,0.021011732769778083,454,32.36,True,False
25,360.0,574,12386,0.88853,0.021311698138707324,597,35.75,True,False
26,240.0,503,12889,0.88401,0.02315979323207608,723,52.41,True,False
27,380.0,460,13349,0.87987,0.024898384429980068,838,54.99,True,False
28,200.0,408,13757,0.8762,0.02418939055254062,940,57.23,True,False
29,350.0,740,14497,0.86954,0.023582367720774603,1125,61.45,True,False
30,210.0,541,15038,0.86467,0.026942774874623866,1260,64.58,True,False
31,140.0,380,15418,0.86125,0.024662254724994694,1355,66.76,True,False
32,220.0,393,15811,0.85771,0.02235078700516392,1453,69.2,True,False
33,320.0,516,16327,0.85307,0.0259024245978528,1582,72.37,True,False
34,140.0,433,16760,0.84917,0.021559481739724447,1691,75.01,True,False
35,180.0,520,17280,0.84449,0.02250819341145241,1821,78.16,True,False
36,340.0,493,17773,0.84005,0.022510416046678413,1944,81.2,True,False
37,290.0,638,18411,0.83431,0.024760291302128572,2103,85.0,True,False
38,180.0,434,18845,0.8304,0.02250140862445424,2212,87.61,True,False
39,200.0,478,19323,0.8261,0.021332362819337796,2331,90.67,True,False
40,280.0,523,19846,0.82139,0.0256623690130317,2462,93.9,True,False
41,350.0,484,20330,0.81704,0.024491786411270686,2583,96.85,True,False
42,190.0,468,20798,0.81283,0.022770858095146906,2700,99.59,True,False
43,280.0,514,21312,0.8082,0.025222954113314346,2829,102.7,True,False
44,190.0,602,21914,0.80278,0.024578789400402458,2979,106.36,True,False
45,270.0,473,22387,0.79853,0.02112467385240499,3097,109.12,True,False
46,300.0,642,23029,0.79275,0.02229220644022795,3258,113.29,True,False
47,920.0,619,23648,0.78718,0.02464420760253204,3413,117.09,True,False
48,290.0,551,24199,0.78222,0.02154101817261081,3550,120.44,True,False
49,240.0,592,24791,0.77689,0.022933648826438002,3698,124.04,True,False
50,250.0,485,25276,0.77253,0.0226699146270355,3820,127.1,True,False
51,220.0,385,25661,0.76906,0.024137895970852696,3916,145.08,True,False
52,280.0,522,26183,0.76436,0.021745639271998348,4046,148.46,True,False
53,110.0,330,26513,0.76139,0.021436952842758542,4129,151.12,True,False
54,430.0,633,27146,0.7557,0.021861061422320825,4287,155.21,True,False
55,300.0,648,27794,0.74986,0.021485300138729256,4449,159.7,True,False
56,290.0,492,28286,0.74544,0.021664564371179047,4572,162.84,True,False
57,350.0,427,28713,0.74159,0.022471240824458373,4679,165.49,True,False
58,190.0,481,29194,0.73726,0.02072866417923554,4799,168.67,True,False
59,230.0,362,29556,0.73401,0.0225081082118757,4890,171.09,True,False
60,470.0,751,30307,0.72725,0.023909945960435518,5077,176.21,True,False
61,720.0,703,31010,0.72092,0.021449215366208755,5253,180.81,True,False
62,400.0,630,31640,0.71525,0.02398727768685822,5411,184.85,True,False
63,210.0,378,32018,0.71185,0.02501680081378312,5505,187.3,True,False
64,290.0,511,32529,0.70725,0.025239741599762056,5633,190.77,True,False
65,420.0,577,33106,0.70205,0.02058399791167176,5777,194.36,True,False
66,520.0,596,33702,0.69669,0.023762549514704127,5926,198.21,True,False
67,360.0,538,34240,0.69185,0.021629708163500592,6061,201.67,True,False
68,400.0,642,34882,0.68607,0.025568827574898024,6221,206.02,True,False
69,1850.0,827,35709,0.67863,0.02251032658724411,6428,211.67,True,False
70,280.0,463,36172,0.67446,0.020995887003413496,6544,214.76,True,False
71,340.0,535,36707,0.66965,0.026378592737089087,6677,218.11,True,False
72,360.0,555,37262,0.66465,0.022841022409357987,6816,221.81,True,False
73,590.0,652,37914,0.65878,0.02376501511552434,6979,226.06,True,False
74,260.0,357,38271,0.65557,0.023862634595807935,7068,228.33,True,False
75,160.0,440,38711,0.65161,0.023951122298603876,7178,232.27,True,False
76,370.0,409,39120,0.64793,0.025120725219468,7281,248.47,True,False
77,260.0,449,39569,0.64389,0.023631982477257094,7393,251.55,True,False
78,350.0,485,40054,0.63952,0.023999889182073086,7514,255.45,True,False
79,200.0,365,40419,0.63624,0.02289365290198475,7605,258.82,True,False
80,240.0,344,40763,0.63314,0.023130295420509525,7691,261.52,True,False
81,250.0,442,41205,0.62916,0.024204543620759102,7802,264.7,True,False
82,260.0,383,41588,0.62572,0.025696249779381713,7898,267.46,True,False
83,810.0,680,42268,0.6196,0.02523942539769718,8068,272.53,True,False
84,450.0,545,42813,0.61469,0.026811527814168262,8204,276.21,True,False
85,260.0,436,43249,0.61077,0.024625120208162918,8313,279.48,True,False
86,400.0,517,43766,0.60611,0.025612589069317248,8442,283.26,True,False
87,1080.0,640,44406,0.60035,0.02690877045315574,8602,287.36,True,False
88,270.0,423,44829,0.59655,0.023654972474345552,8708,290.21,True,False
89,440.0,757,45586,0.58974,0.024418889715523515,8897,295.4,True,False
90,500.0,697,46283,0.58346,0.02390230739631037,9071,299.93,True,False
91,730.0,688,46971,0.57727,0.02317588708328278,9243,304.5,True,False
92,960.0,651,47622,0.57141,0.027261893346368627,9406,308.85,True,False
93,370.0,536,48158,0.56659,0.024318884161158478,9540,312.62,True,False
94,580.0,563,48721,0.56152,0.021423104140702767,9681,316.44,True,False
95,240.0,468,49189,0.55731,0.024087118469457276,9798,319.46,True,False
96,250.0,557,49746,0.55229,0.022602276342230842,9937,323.3,True,False
97,250.0,535,50281,0.54748,0.023702177404141083,10071,327.06,True,False
98,270.0,390,50671,0.54397,0.02575234171800008,10168,329.91,True,False
99,1070.0,795,51466,0.53681,0.025769876970221574,10367,335.91,True,False
100,1830.0,683,52149,0.53067,0.02437620717972212,10538,340.57,True,False
101,280.0,413,52562,0.52695,0.024034106260780425,10641,358.07,True,False
102,1260.0,617,53179,0.5214,0.02346041228005348,10795,362.5,True,False
103,160.0,336,53515,0.51837,0.024382115977849544,10879,364.67,True,False
104,870.0,702,54217,0.51206,0.022219649907955583,11055,370.25,True,False
105,770.0,572,54789,0.50691,0.025224671480115632,11198,374.27,True,False
106,480.0,705,55494,0.50056,0.0254095898609111,11374,379.06,True,False
107,570.0,681,56175,0.49443,0.024702055122949842,11544,383.57,True,False
108,370.0,518,56693,0.48977,0.02271473691888297,11674,387.28,True,False
109,620.0,673,57366,0.48372,0.023761590496481706,11842,391.98,True,False
110,280.0,344,57710,0.48062,0.024724421400013706,11928,394.54,True,False
111,730.0,709,58419,0.47424,0.024219439770121358,12105,399.83,True,False
112,910.0,972,59391,0.46549,0.024253878942230876,12348,407.28,True,False
113,280.0,391,59782,0.46197,0.02553659521413929,12446,410.0,True,False
114,1400.0,719,60501,0.4555,0.02666676908265799,12626,415.35,True,False
115,630.0,598,61099,0.45012,0.02569444075651817,12775,419.92,True,False
116,500.0,567,61666,0.44501,0.030460569322187925,12917,423.98,True,False
117,410.0,513,62179,0.4404,0.025927704304194776,13045,427.48,True,False
118,890.0,1025,63204,0.43117,0.02656700197926175,13302,434.64,True,False
119,600.0,563,63767,0.42611,0.026773101275986328,13442,439.16,True,False
120,270.0,384,64151,0.42265,0.027623677815427072,13538,442.03,True,False
121,410.0,596,64747,0.41729,0.029500527315204274,13687,446.71,True,False
122,370.0,477,65224,0.41299,0.02674093191259696,13807,450.31,True,False
123,380.0,358,65582,0.40977,0.027919937589655767,13896,453.02,True,False
124,490.0,638,66220,0.40403,0.026143210716691102,14056,457.92,True,False
125,760.0,597,66817,0.39866,0.02556910700689776,14205,462.07,True,False
126,460.0,553,67370,0.39368,0.025178237997022443,14343,480.97,True,False
127,590.0,663,68033,0.38771,0.026528928855978268,14509,485.84,True,False
128,870.0,877,68910,0.37982,0.026800645115045346,14728,492.3,True,False
129,1690.0,850,69760,0.37217,0.026392378094453068,14941,498.43,True,False
130,620.0,643,70403,0.36638,0.02775871308767819,15101,503.09,True,False
131,450.0,656,71059,0.36048,0.030589757685935717,15265,508.3,True,False
132,1170.0,742,71801,0.3538,0.028593061399215493,15451,513.84,True,False
133,230.0,414,72215,0.35007,0.030653263121228486,15554,516.71,True,False
134,970.0,741,72956,0.3434,0.028137840726162478,15740,522.33,True,False
135,580.0,589,73545,0.3381,0.02928445549985888,15887,526.62,True,False
136,340.0,480,74025,0.33378,0.025461238673112046,16007,530.25,True,False
137,720.0,748,74773,0.32705,0.026473978596595043,16194,536.28,True,False
138,730.0,628,75401,0.3214,0.028054230865743605,16351,541.36,True,False
139,760.0,610,76011,0.31591,0.02761375634796231,16503,546.33,True,False
140,440.0,442,76453,0.31193,0.027956140416397435,16614,549.91,True,False
141,550.0,607,77060,0.30647,0.02858515711973029,16766,554.42,True,False
142,510.0,550,77610,0.30152,0.028339023474114437,16903,558.68,True,False
143,1230.0,752,78362,0.29475,0.02615550133161881,17091,564.15,True,False
144,860.0,677,79039,0.28866,0.02709442874438752,17260,569.27,True,False
145,580.0,588,79627,0.28337,0.026237467333965866,17407,574.03,True,False
146,200.0,351,79978,0.28021,0.028702674531483684,17495,576.89,True,False
147,350.0,463,80441,0.27604,0.030518707895555115,17611,580.35,True,False
148,320.0,429,80870,0.27218,0.02921602894578164,17718,583.4,True,False
149,260.0,385,81255,0.26871,0.03079728603430946,17814,586.27,True,False
150,970.0,829,82084,0.26125,0.03088291310324656,18022,592.74,True,False
151,340.0,500,82584,0.25675,0.028758091729134322,18147,611.5,True,False
152,1150.0,587,83171,0.25147,0.030270578610800104,18293,615.95,True,False
153,390.0,519,83690,0.2468,0.028957229028814115,18423,619.93,True,False
154,1040.0,774,84464,0.23983,0.03002135776290574,18617,625.7,True,False
155,1030.0,1018,85482,0.23067,0.029721476137638092,18871,633.82,True,False
156,610.0,642,86124,0.22489,0.027710176182922368,19032,638.94,True,False
157,890.0,853,86977,0.21722,0.030415317778226356,19245,645.34,True,False
158,560.0,610,87587,0.21173,0.027443441286634066,19397,649.84,True,False
159,1160.0,681,88268,0.2056,0.029054042124815764,19568,655.66,True,False
160,550.0,533,88801,0.2008,0.03101251562146988,19701,660.05,True,False
161,470.0,573,89374,0.19564,0.028705778847598323,19844,664.85,True,False
162,750.0,693,90067,0.18941,0.03177078286821098,20017,670.23,True,False
163,730.0,823,90890,0.182,0.0317412533444687,20223,676.44,True,False
164,430.0,501,91391,0.17749,0.03036070742458105,20348,680.08,True,False
165,430.0,486,91877,0.17312,0.031008097102682364,20470,684.4,True,False
166,600.0,518,92395,0.16845,0.029824613456347192,20599,688.63,True,False
167,580.0,592,92987,0.16313,0.031681973999995436,20747,693.61,True,False
168,410.0,813,93800,0.15581,0.0311618636695522,20951,699.95,True,False
169,630.0,841,94641,0.14824,0.030066976920213727,21161,706.35,True,False
170,440.0,433,95074,0.14434,0.033955075202458024,21269,709.85,True,False
171,920.0,877,95951,0.13645,0.03152427103978552,21488,717.45,True,False
172,240.0,319,96270,0.13358,0.03087247535586357,21568,720.33,True,False
173,740.0,561,96831,0.12853,0.031625256205110676,21708,725.17,True,False
174,660.0,471,97302,0.12429,0.029562116304601906,21826,728.78,True,False
175,540.0,719,98021,0.11782,0.030972935792265666,22006,734.55,True,False
176,600.0,590,98611,0.11251,0.03150207882265554,22153,753.27,True,False
177,1580.0,903,99514,0.10438,0.029817494192877703,22379,760.84,True,False
178,430.0,404,99918,0.10075,0.03325898419503159,22480,764.39,True,False
179,680.0,533,100451,0.1,0.03595511966097848,22613,768.47,True,False
180,1110.0,652,101103,0.1,0.0358779021007426,22776,773.31,True,False
181,1430.0,718,101821,0.1,0.032480981700225835,22956,778.7,True,False
182,990.0,764,102585,0.1,0.03237365688933596,23147,784.71,True,False
183,1350.0,773,103358,0.1,0.0317923215777647,23340,791.31,True,False
184,360.0,420,103778,0.1,0.03394014801652659,23445,794.64,True,False
185,240.0,536,104314,0.1,0.035037635530192235,23579,798.73,True,False
186,1260.0,1232,105546,0.1,0.03316335034459926,23887,809.25,True,False
187,1100.0,489,106035,0.1,0.03344212312892568,24009,813.41,True,False
188,530.0,484,106519,0.1,0.030614450199660376,24130,817.63,True,False
189,810.0,879,107398,0.1,0.032930504879914224,24350,824.39,True,False
190,840.0,671,108069,0.1,0.028877756760699584,24518,829.88,True,False
191,670.0,576,108645,0.1,0.03384910134870248,24662,835.27,True,False
192,420.0,515,109160,0.1,0.033344142546862826,24791,839.96,True,False
193,1240.0,1286,110446,0.1,0.0341032936260963,25112,851.65,True,False
194,1220.0,916,111362,0.1,0.033084116504002996,25341,859.2,True,False
195,1270.0,1073,112435,0.1,0.03340014482069927,25609,868.06,True,False
196,770.0,915,113350,0.1,0.03448035498251366,25838,876.48,True,False
197,940.0,676,114026,0.1,0.034019778156101965,26007,881.76,True,False
198,810.0,838,114864,0.1,0.03486812676613529,26217,888.88,True,False
199,660.0,645,115509,0.1,0.036437378817394096,26378,894.18,True,False
200,470.0,482,115991,0.1,0.03508794677909464,26498,898.59,True,False
201,480.0,547,116538,0.1,0.0311319292217058,26635,918.87,True,False
202,2020.0,712,117250,0.1,0.03347394761650331,26813,924.8,True,False
203,610.0,658,117908,0.1,0.03328256435748754,26978,930.4,True,False
204,550.0,627,118535,0.1,0.0338149292078108,27134,936.18,True,False
205,770.0,584,119119,0.1,0.03165005911970894,27280,941.58,True,False
206,1260.0,1124,120243,0.1,0.034244671173963785,27561,952.22,True,False
207,910.0,670,120913,0.1,0.03668775594061507,27729,958.37,True,False
208,870.0,731,121644,0.1,0.034815029124093184,27912,965.21,True,False
209,1310.0,1299,122943,0.1,0.03615166633217423,28236,976.65,True,False
210,940.0,911,123854,0.1,0.036436028696858046,28464,983.75,True,False
211,1050.0,710,124564,0.1,0.03974671285662256,28642,989.24,True,False
212,700.0,513,125077,0.1,0.03660937092354288,28770,993.62,True,False
213,450.0,450,125527,0.1,0.03704816994390318,28882,997.08,True,False
214,1060.0,826,126353,0.1,0.03400616871489995,29089,1004.42,True,False
215,740.0,783,127136,0.1,0.03448109874948479,29285,1011.75,True,False
216,390.0,728,127864,0.1,0.03430841456853099,29467,1018.29,True,False
217,820.0,679,128543,0.1,0.03708049540336315,29636,1024.33,True,False
218,990.0,728,129271,0.1,0.03332540084055246,29818,1030.39,True,False
219,900.0,812,130083,0.1,0.03415069513463328,30021,1036.9,True,False
220,1110.0,737,130820,0.1,0.039127804332639314,30206,1042.83,True,False
221,870.0,600,131420,0.1,0.036883794978881876,30356,1047.98,True,False
222,760.0,797,132217,0.1,0.037791544407718446,30555,1054.8,True,False
223,810.0,738,132955,0.1,0.03582830855157226,30739,1061.81,True,False
224,1220.0,886,133841,0.1,0.036978417242927525,30961,1069.76,True,False
225,730.0,840,134681,0.1,0.03457577405497432,31171,1077.36,True,False
226,370.0,497,135178,0.1,0.03779865652623196,31295,1097.45,True,False
227,1080.0,756,135934,0.1,0.03903530154219538,31484,1104.16,True,False
228,550.0,575,136509,0.1,0.033078933716751635,31628,1109.76,True,False
229,880.0,600,137109,0.1,0.03527174343665441,31778,1115.31,True,False
230,790.0,580,137689,0.1,0.033190504808364246,31923,1120.46,True,False
231,430.0,505,138194,0.1,0.033858106830083425,32049,1124.83,True,False
232,430.0,483,138677,0.1,0.035804226090130974,32170,1129.16,True,False
233,670.0,609,139286,0.1,0.03363484282071065,32322,1134.41,True,False
234,760.0,638,139924,0.1,0.03237965073203668,32482,1139.57,True,False
235,800.0,671,140595,0.1,0.0395489855178682,32649,1145.11,True,False
236,480.0,519,141114,0.1,0.04091327916114376,32779,1149.34,True,False
237,570.0,525,141639,0.1,0.04070804788524868,32910,1154.05,True,False
238,1750.0,785,142424,0.1,0.03901107101772113,33107,1160.77,True,False
239,860.0,739,143163,0.1,0.040047143740356776,33291,1167.13,True,False
240,550.0,563,143726,0.1,0.03404220342239801,33432,1171.74,True,False
241,2200.0,1034,144760,0.1,0.03878970089472802,33691,1181.48,True,False
242,450.0,442,145202,0.1,0.04447694867002693,33801,1185.76,True,False
243,590.0,666,145868,0.1,0.04227617651246444,33968,1191.4,True,False
244,460.0,512,146380,0.1,0.033789268010878004,34096,1195.33,True,False
245,1040.0,531,146911,0.1,0.03662596901201389,34228,1199.36,True,False
246,800.0,819,147730,0.1,0.035347551777504566,34433,1206.73,True,False
247,460.0,615,148345,0.1,0.03705203395893241,34587,1212.01,True,False
248,1820.0,1036,149381,0.1,0.037919725767879754,34846,1220.66,True,False
249,1270.0,686,150067,0.1,0.038734913672925086,35017,1225.95,True,False
250,2200.0,847,150914,0.1,0.04048977941186782,35229,1233.01,True,False
251,790.0,818,151732,0.1,0.03879010546498182,35434,1258.36,True,False
252,520.0,560,152292,0.1,0.03666298896340387,35574,1263.63,True,False
253,700.0,589,152881,0.1,0.04015107600487211,35721,1268.81,True,False
254,1700.0,976,153857,0.1,0.042108832797432535,35965,1277.08,True,False
255,940.0,690,154547,0.1,0.035184563015760895,36137,1282.83,True,False
256,870.0,795,155342,0.1,0.03812718048139508,36336,1289.18,True,False
257,560.0,599,155941,0.1,0.04038936835092803,36486,1294.68,True,False
258,1400.0,837,156778,0.1,0.03905613414060913,36695,1301.49,True,False
259,1430.0,672,157450,0.1,0.039068426379734386,36863,1307.45,True,False
260,400.0,491,157941,0.1,0.036708244012774734,36986,1311.27,True,False
261,820.0,834,158775,0.1,0.037705741863017186,37194,1318.06,True,False
262,1870.0,1035,159810,0.1,0.039876132169702455,37453,1327.41,True,False
263,900.0,716,160526,0.1,0.04246507045245786,37632,1333.05,True,False
264,770.0,740,161266,0.1,0.0440895152177561,37817,1339.16,True,False
265,630.0,551,161817,0.1,0.03973111756267431,37955,1343.43,True,False
266,720.0,554,162371,0.1,0.04225497523430681,38093,1348.31,True,False
267,600.0,620,162991,0.1,0.040190452175034634,38248,1353.86,True,False
268,770.0,646,163637,0.1,0.042438968234224085,38410,1359.54,True,False
269,940.0,737,164374,0.1,0.03978543145248019,38594,1365.4,True,False
270,500.0,498,164872,0.1,0.044653271328657866,38719,1369.44,True,False
271,1640.0,903,165775,0.1,0.04096867898893025,38944,1377.14,True,False
272,950.0,724,166499,0.1,0.04358841556263316,39125,1383.78,True,False
273,800.0,803,167302,0.1,0.041259530264495026,39326,1390.46,True,False
274,380.0,424,167726,0.1,0.04085657907263288,39432,1393.93,True,False
275,1260.0,791,168517,0.1,0.04284424012799681,39630,1400.39,True,False
276,430.0,472,168989,0.1,0.04384405932278704,39748,1419.89,True,False
277,600.0,528,169517,0.1,0.04710234817343228,39880,1424.42,True,False
278,370.0,362,169879,0.1,0.0403561363565839,39970,1427.45,True,False
279,2030.0,809,170688,0.1,0.043465857875758206,40173,1433.93,True,False
280,740.0,633,171321,0.1,0.043948893143524285,40331,1439.1,True,False
281,680.0,584,171905,0.1,0.04480051141461893,40477,1444.18,True,False
282,2950.0,1059,172964,0.1,0.04180079897303345,40742,1452.93,True,False
283,660.0,940,173904,0.1,0.04695864478126168,40977,1460.25,True,False
284,1110.0,773,174677,0.1,0.0371069472350682,41170,1466.37,True,False
285,450.0,467,175144,0.1,0.03907396856090452,41287,1470.49,True,False
286,740.0,784,175928,0.1,0.037950285620113114,41483,1478.99,True,False
287,570.0,576,176504,0.1,0.03738298318219475,41627,1484.53,True,False
288,1570.0,722,177226,0.1,0.03973183588435252,41807,1490.27,True,False
289,1460.0,1002,178228,0.1,0.04167364565729798,42058,1498.47,True,False
290,1250.0,975,179203,0.1,0.03960397673019595,42301,1506.19,True,False
291,1370.0,993,180196,0.1,0.043083278740939486,42550,1514.47,True,False
292,710.0,611,180807,0.1,0.0476966022673112,42702,1519.66,True,False
293,1150.0,877,181684,0.1,0.04020140775987371,42922,1527.01,True,False
294,480.0,455,182139,0.1,0.04658451737357979,43035,1531.01,True,False
295,1380.0,710,182849,0.1,0.04204692812165601,43213,1537.11,True,False
296,730.0,740,183589,0.1,0.040559442150028976,43398,1544.77,True,False
297,510.0,415,184004,0.1,0.038208779852049284,43502,1548.17,True,False
298,540.0,652,184656,0.1,0.044285267008685625,43665,1553.39,True,False
299,1330.0,963,185619,0.1,0.04520397955396523,43905,1561.27,True,False
300,1450.0,651,186270,0.1,0.039804939014917134,44068,1566.35,True,False
301,1360.0,647,186917,0.1,0.045464500976025043,44230,1587.0,True,False
302,1020.0,786,187703,0.1,0.039767488309809446,44426,1592.87,True,False
303,700.0,704,188407,0.1,0.03695087805549106,44602,1598.68,True,False
304,400.0,590,188997,0.1,0.040025362436584125,44750,1603.23,True,False
305,820.0,560,189557,0.1,0.04060931751571063,44890,1607.84,True,False
306,1520.0,935,190492,0.1,0.04524432478918352,45124,1615.32,True,False
307,900.0,752,191244,0.1,0.046577336241867634,45312,1621.6,True,False
308,690.0,608,191852,0.1,0.04682757382550718,45464,1628.5,True,False
309,560.0,497,192349,0.1,0.04424179676589706,45588,1632.96,True,False
310,1030.0,706,193055,0.1,0.04466845860323784,45764,1638.87,True,False
311,1310.0,873,193928,0.1,0.04580673921564126,45983,1646.47,True,False
312,820.0,643,194571,0.1,0.04018236069532577,46143,1652.2,True,False
313,860.0,753,195324,0.1,0.03983104273322083,46332,1658.99,True,False
314,700.0,628,195952,0.1,0.045180106938929314,46489,1664.74,True,False
315,910.0,634,196586,0.1,0.042915000969284696,46647,1670.12,True,False
316,600.0,420,197006,0.1,0.043313203681082955,46752,1673.33,True,False
317,1660.0,1092,198098,0.1,0.04155267398435991,47025,1682.53,True,False
318,520.0,548,198646,0.1,0.043143129622033476,47162,1687.45,True,False
319,890.0,695,199341,0.1,0.04714038474057084,47336,1693.33,True,False
320,2160.0,644,199985,0.1,0.04225496327076454,47497,1698.48,True,False
321,1080.0,853,200838,0.1,0.048345459395573595,47710,1705.41,True,False
322,870.0,571,201409,0.1,0.049696371838502534,47853,1710.11,True,False
323,1400.0,605,202014,0.1,0.04465470732257559,48004,1714.75,True,False
324,480.0,429,202443,0.1,0.05131730917736749,48111,1718.52,True,False
325,830.0,876,203319,0.1,0.04818365023764845,48330,1726.13,True,False
326,1160.0,699,204018,0.1,0.04572479878685304,48505,1745.44,True,False
327,1030.0,831,204849,0.1,0.049903757576920234,48713,1751.65,True,False
328,720.0,713,205562,0.1,0.044639469286573405,48891,1757.27,True,False
329,1410.0,845,206407,0.1,0.04599195791152416,49102,1764.13,True,False
330,1410.0,722,207129,0.1,0.05029384512454271,49283,1770.67,True,False
331,520.0,468,207597,0.1,0.05201509520093091,49400,1774.58,True,False
332,350.0,427,208024,0.1,0.047968629625773876,49507,1778.44,True,False
333,960.0,698,208722,0.1,0.0446276295041644,49681,1783.88,True,False
334,620.0,516,209238,0.1,0.04067434724997873,49810,1788.35,True,False
335,420.0,407,209645,0.1,0.03982847473839773,49912,1791.7,True,False
336,880.0,562,210207,0.1,0.05335944704711437,50052,1796.09,True,False
337,1310.0,914,211121,0.1,0.05060414200054896,50281,1803.46,True,False
338,420.0,423,211544,0.1,0.052347823485450924,50387,1807.13,True,False
339,1480.0,1014,212558,0.1,0.05368103855933714,50640,1816.18,True,False
340,950.0,759,213317,0.1,0.0528302731825725,50830,1822.57,True,False
341,560.0,621,213938,0.1,0.04758257924789382,50985,1827.85,True,False
342,1240.0,646,214584,0.1,0.052037241523740466,51147,1833.27,True,False
343,1180.0,799,215383,0.1,0.050410040111360535,51346,1839.4,True,False
344,1670.0,771,216154,0.1,0.05206800906055178,51539,1845.64,True,False
345,1580.0,994,217148,0.1,0.052062167146478794,51788,1854.09,True,False
346,930.0,670,217818,0.1,0.047023806492324,51955,1860.18,True,False
347,1490.0,842,218660,0.1,0.04887639097781119,52166,1867.59,True,False
348,1350.0,814,219474,0.1,0.04874593523225467,52369,1873.79,True,False
349,560.0,551,220025,0.1,0.05141204586117596,52507,1878.73,True,False
350,1990.0,1005,221030,0.1,0.04893791037370484,52758,1886.91,True,False
351,1560.0,783,221813,0.1,0.05198331012590123,52954,1908.82,True,False
352,1150.0,629,222442,0.1,0.051524123417177964,53111,1915.13,True,False
353,1060.0,691,223133,0.1,0.0496545816917037,53284,1921.61,True,False
354,390.0,418,223551,0.1,0.05600437887299519,53388,1925.34,True,False
355,1030.0,710,224261,0.1,0.04996268408048605,53566,1930.93,True,False
356,900.0,872,225133,0.1,0.047177400281909136,53784,1938.51,True,False
357,1010.0,677,225810,0.1,0.04800188662098533,53953,1944.41,True,False
358,720.0,516,226326,0.1,0.05475527998204379,54082,1948.66,True,False
359,700.0,579,226905,0.1,0.044400979469305484,54227,1953.35,True,False
360,840.0,732,227637,0.1,0.043515962945511105,54410,1959.09,True,False
361,1200.0,816,228453,0.1,0.055717704753738405,54614,1966.57,True,False
362,1450.0,764,229217,0.1,0.05138554672237622,54805,1974.81,True,False
363,240.0,312,229529,0.1,0.04511102082398839,54883,1980.5,True,False
364,1030.0,613,230142,0.1,0.053086822487267794,55036,1989.88,True,False
365,1550.0,891,231033,0.1,0.05110676516883175,55259,1998.89,True,False
366,880.0,648,231681,0.1,0.0521846674900088,55421,2004.4,True,False
367,2290.0,777,232458,0.1,0.05015816385905767,55615,2010.63,True,False
368,2520.0,835,233293,0.1,0.052933261355465396,55824,2017.36,True,False
369,460.0,458,233751,0.1,0.05556560148435988,55938,2021.24,True,False
370,490.0,650,234401,0.1,0.048285247646615,56101,2026.67,True,False
371,1590.0,782,235183,0.1,0.05038518492036905,56296,2032.67,True,False
372,530.0,462,235645,0.1,0.051568426882270084,56412,2036.62,True,False
373,1630.0,914,236559,0.1,0.050304515985772014,56640,2044.08,True,False
374,540.0,513,237072,0.1,0.047220495255129745,56769,2048.29,True,False
375,550.0,606,237678,0.1,0.047623770915909316,56920,2053.16,True,False
376,990.0,863,238541,0.1,0.059157350143693666,57136,2074.74,True,False
377,1260.0,523,239064,0.1,0.05517259364563773,57267,2079.19,True,False
378,1340.0,704,239768,0.1,0.047075245645828545,57443,2085.09,True,False
379,710.0,610,240378,0.1,0.053066009624959214,57595,2090.0,True,False
380,450.0,447,240825,0.1,0.05941636572658483,57707,2093.68,True,False
381,790.0,610,241435,0.1,0.06084970261068329,57859,2098.62,True,False
382,840.0,576,242011,0.1,0.057008526113349944,58003,2103.38,True,False
383,670.0,594,242605,0.1,0.05420473218589221,58152,2108.26,True,False
384,470.0,433,243038,0.1,0.05100395193288999,58260,2111.74,True,False
385,700.0,531,243569,0.1,0.05141765393204707,58393,2116.03,True,False
386,1140.0,676,244245,0.1,0.05146825114628796,58562,2121.32,True,False
387,440.0,390,244635,0.1,0.0646495572051283,58659,2124.46,True,False
388,1580.0,959,245594,0.1,0.0511850666681615,58899,2132.3,True,False
389,380.0,407,246001,0.1,0.05661860107462488,59001,2135.72,True,False
390,850.0,741,246742,0.1,0.05481128823515531,59186,2141.99,True,False
391,2370.0,677,247419,0.1,0.05155220863095226,59355,2147.55,True,False
392,790.0,675,248094,0.1,0.0539072259389878,59524,2152.85,True,False
393,570.0,450,248544,0.1,0.05257241250699864,59637,2156.51,True,False
394,330.0,380,248924,0.1,0.0487372100255207,59732,2159.38,True,False
395,580.0,524,249448,0.1,0.047438307878568425,59863,2163.49,True,False
396,850.0,646,250094,0.1,0.05781314117105111,60024,2168.73,True,False
397,1490.0,1251,251345,0.1,0.06091459241871255,60337,2179.12,True,False
398,630.0,576,251921,0.1,0.05715124579405205,60481,2183.61,True,False
399,1140.0,755,252676,0.1,0.062116351239777434,60670,2189.94,True,False
400,980.0,788,253464,0.1,0.054632334856477185,60867,2196.21,True,False
401,770.0,640,254104,0.1,0.05255357488640584,61027,2214.06,True,False
402,820.0,556,254660,0.1,0.05459901671722638,61166,2218.65,True,False
403,1750.0,767,255427,0.1,0.057447461138298996,61357,2225.14,True,False
404,680.0,610,256037,0.1,0.05005634356947506,61510,2230.2,True,False
405,470.0,456,256493,0.1,0.053934004966561734,61624,2234.02,True,False
406,400.0,374,256867,0.1,0.058509307062273384,61717,2237.07,True,False
407,1200.0,709,257576,0.1,0.05149029823689816,61895,2242.82,True,False
408,750.0,666,258242,0.1,0.059821428425318325,62061,2248.36,True,False
409,360.0,426,258668,0.1,0.04663379088253061,62168,2252.02,True,False
410,940.0,653,259321,0.1,0.05351550018334864,62331,2257.16,True,False
411,1250.0,706,260027,0.1,0.061111073454164645,62507,2262.78,True,False
412,620.0,517,260544,0.1,0.05946916310259929,62637,2267.02,True,False
413,490.0,430,260974,0.1,0.056298315760061564,62744,2270.28,True,False
414,780.0,522,261496,0.1,0.055133659101112654,62875,2274.64,True,False
415,880.0,549,262045,0.1,0.05235456323835754,63012,2278.96,True,False
416,890.0,547,262592,0.1,0.05366537571769126,63149,2283.38,True,False
417,1970.0,726,263318,0.1,0.052693528128345365,63330,2289.5,True,False
418,560.0,438,263756,0.1,0.06028263670477,63440,2293.16,True,False
419,850.0,763,264519,0.1,0.056362809721184404,63630,2299.3,True,False
420,1160.0,832,265351,0.1,0.050277567822307065,63838,2305.75,True,False
421,1020.0,757,266108,0.1,0.05656285380552474,64028,2311.69,True,False
422,1310.0,886,266994,0.1,0.06156862715503614,64249,2318.92,True,False
423,1100.0,920,267914,0.1,0.0575929987527754,64479,2326.58,True,False
424,500.0,603,268517,0.1,0.05420580214592597,64630,2332.99,True,False
425,1460.0,663,269180,0.1,0.05565588027014431,64796,2338.32,True,False
426,790.0,623,269803,0.1,0.04849028952660099,64951,2360.7,True,False
427,970.0,730,270533,0.1,0.0607404635018094,65134,2366.59,True,False
428,400.0,402,270935,0.1,0.06309923836961388,65234,2369.81,True,False
429,890.0,565,271500,0.1,0.06378986757301108,65376,2374.49,True,False
430,850.0,570,272070,0.1,0.05898529005197572,65518,2379.06,True,False
431,2280.0,909,272979,0.1,0.05683162717747662,65745,2386.64,True,False
432,1220.0,784,273763,0.1,0.05442933886958172,65941,2393.04,True,False
433,890.0,550,274313,0.1,0.05536666516538547,66079,2397.27,True,False
434,930.0,796,275109,0.1,0.058409085712540686,66278,2403.62,True,False
435,1730.0,804,275913,0.1,0.06229465722629977,66479,2409.76,True,False
436,810.0,740,276653,0.1,0.05463927655002555,66664,2415.4,True,False
437,450.0,395,277048,0.1,0.0574852375294825,66763,2418.5,True,False
438,420.0,410,277458,0.1,0.06091028401701182,66865,2421.69,True,False
439,420.0,353,277811,0.1,0.06222084108528427,66953,2424.71,True,False
440,1090.0,815,278626,0.1,0.05820526042496603,67157,2430.87,True,False
441,1280.0,924,279550,0.1,0.06023559997108204,67388,2438.3,True,False
442,460.0,485,280035,0.1,0.05810016254347957,67509,2442.09,True,False
443,1020.0,877,280912,0.1,0.05852276355620812,67729,2449.82,True,False
444,1700.0,760,281672,0.1,0.06543497831413621,67919,2456.22,True,False
445,1360.0,839,282511,0.1,0.056113792471944146,68128,2463.38,True,False
446,1260.0,626,283137,0.1,0.06592531934688994,68285,2468.72,True,False
447,2390.0,1001,284138,0.1,0.06122295778244734,68535,2476.74,True,False
448,1540.0,986,285124,0.1,0.06068865778414827,68782,2484.37,True,False
449,940.0,644,285768,0.1,0.05575737543982563,68943,2489.61,True,False
450,1010.0,722,286490,0.1,0.06177469613030553,69123,2495.69,True,False
451,440.0,488,286978,0.1,0.053484266684924966,69245,2514.42,True,False
452,830.0,582,287560,0.1,0.056225467058638595,69391,2519.15,True,False
453,1010.0,900,288460,0.1,0.06196181891279088,69616,2526.28,True,False
454,990.0,663,289123,0.1,0.05203437289279519,69781,2531.37,True,False
455,680.0,640,289763,0.1,0.05459256661706604,69941,2536.67,True,False
456,1270.0,730,290493,0.1,0.06413469337374786,70124,2542.58,True,False
457,840.0,628,291121,0.1,0.06013770130979028,70281,2547.43,True,False
458,550.0,671,291792,0.1,0.06260054069571197,70449,2552.74,True,False
459,1320.0,564,292356,0.1,0.05742971667134804,70590,2557.32,True,False
460,910.0,573,292929,0.1,0.06516192715380575,70733,2562.2,True,False
461,770.0,682,293611,0.1,0.06852558503913529,70903,2567.81,True,False
462,1600.0,670,294281,0.1,0.06307708903304524,71071,2573.05,True,False
463,1420.0,598,294879,0.1,0.05293489017542577,71220,2577.82,True,False
464,1200.0,696,295575,0.1,0.06306884025662453,71394,2583.61,True,False
465,1500.0,531,296106,0.1,0.06027543457939213,71527,2587.84,True,False
466,1670.0,747,296853,0.1,0.06765161091611188,71714,2594.29,True,False
467,2200.0,679,297532,0.1,0.061236642520217335,71884,2600.22,True,False
468,1400.0,1445,298977,0.1,0.06138905801699391,72245,2612.46,True,False
469,1100.0,690,299667,0.1,0.06310366618252078,72417,2617.81,True,False
470,980.0,916,300583,0.1,0.07167823034375255,72646,2625.32,True,False
471,1650.0,748,301331,0.1,0.0659127892667358,72833,2631.46,True,False
472,2250.0,676,302007,0.1,0.061215517155208884,73002,2637.05,True,False
473,750.0,703,302710,0.1,0.056246368442027066,73178,2642.62,True,False
474,1300.0,850,303560,0.1,0.05902378093188917,73391,2649.59,True,False
475,830.0,633,304193,0.1,0.05256246691687575,73549,2654.7,True,False
476,520.0,506,304699,0.1,0.06196450603209318,73675,2676.29,True,False
477,1260.0,638,305337,0.1,0.06709963289322332,73835,2681.51,True,False
478,700.0,520,305857,0.1,0.0588239613490609,73965,2685.65,True,False
479,830.0,543,306400,0.1,0.06144453576930305,74101,2690.21,True,False
480,1260.0,931,307331,0.1,0.06067454097551647,74333,2697.91,True,False
481,1030.0,760,308091,0.1,0.06597791681262223,74523,2704.39,True,False
482,650.0,764,308855,0.1,0.061016708334508056,74714,2711.16,True,False
483,1530.0,873,309728,0.1,0.061119303779174745,74933,2718.55,True,False
484,1140.0,852,310580,0.1,0.06948332241933111,75146,2725.28,True,False
485,500.0,497,311077,0.1,0.05855965635348712,75270,2729.44,True,False
486,1260.0,761,311838,0.1,0.06286603514301149,75460,2735.58,True,False
487,1160.0,779,312617,0.1,0.06768952987323969,75655,2741.73,True,False
488,1390.0,785,313402,0.1,0.06119316912313201,75851,2748.05,True,False
489,1200.0,825,314227,0.1,0.06153362038210758,76057,2754.83,True,False
490,1460.0,886,315113,0.1,0.06282055581005307,76279,2761.76,True,False
491,1920.0,1149,316262,0.1,0.0648747670629714,76566,2771.34,True,False
492,790.0,553,316815,0.1,0.058203303909766066,76704,2775.69,True,False
493,1580.0,745,317560,0.1,0.06504704531302108,76891,2781.61,True,False
494,1390.0,698,318258,0.1,0.06361540889731426,77065,2787.01,True,False
495,1170.0,567,318825,0.1,0.059637777881145895,77207,2791.85,True,False
496,1240.0,906,319731,0.1,0.057514977921624626,77433,2799.61,True,False
497,1010.0,779,320510,0.1,0.07066925192872683,77628,2805.92,True,False
498,1040.0,738,321248,0.1,0.06592290252950546,77813,2811.9,True,False
499,1450.0,768,322016,0.1,0.0716612088290276,78005,2818.07,True,False
500,1760.0,774,322790,0.1,0.06051447820593965,78198,2824.64,True,False
